src_ip,dst_ip,src_port,dst_port,proto,len,duration,packet_count
192.168.1.12,1.1.1.1,18257,80,17,190,4.757440803289997,13
192.168.1.12,10.0.0.1,10737,80,17,1449,0.5557852932371987,7
10.0.0.6,1.1.1.1,31148,80,6,919,3.9709101038846524,3
10.0.0.5,10.0.0.1,9323,53,6,1046,0.3020936074113745,12
192.168.1.10,1.1.1.1,51369,443,6,234,2.272666608872352,1
192.168.1.12,8.8.8.8,21243,53,17,187,3.113976217978221,1
192.168.1.12,192.168.1.1,24019,80,6,238,2.8297395466314583,3
10.0.0.6,10.0.0.1,41347,80,17,168,0.6008674032814297,4
192.168.1.10,10.0.0.1,50152,80,17,416,0.6065866532227295,11
192.168.1.12,8.8.8.8,8810,53,6,607,1.495331205506681,12
192.168.1.10,192.168.1.1,62238,80,6,848,2.1129021046135383,10
192.168.1.12,1.1.1.1,32250,80,6,223,2.5588481198815654,1
192.168.1.12,8.8.8.8,14138,80,17,735,0.95525431570616,9
10.0.0.5,8.8.8.8,8532,443,6,967,4.139591813473111,2
10.0.0.5,8.8.8.8,53800,443,17,1339,2.4856795682623347,13
192.168.1.10,192.168.1.1,27870,443,6,952,3.374533577998041,17
10.0.0.6,10.0.0.1,46495,80,17,53,1.7740352862598632,8
10.0.0.5,192.168.1.1,65191,443,6,60,4.183675949687975,16
10.0.0.5,192.168.1.1,57474,80,6,1340,2.5663990471167635,5
10.0.0.5,192.168.1.1,18429,80,6,651,0.5495306251329446,14
10.0.0.5,8.8.8.8,33948,53,17,982,4.791887979167088,10
10.0.0.5,192.168.1.1,29156,443,6,1439,1.0658483340827198,3
192.168.1.12,10.0.0.1,60338,443,17,1433,4.327587255480277,3
192.168.1.12,192.168.1.1,56452,80,17,572,1.9970561802496012,18
192.168.1.10,8.8.8.8,10247,443,6,1191,4.798830760096592,11
10.0.0.6,10.0.0.1,29315,53,17,1138,0.8941832372531523,17
192.168.1.12,192.168.1.1,52382,80,17,685,1.2724282927960826,10
192.168.1.12,10.0.0.1,64950,53,6,1171,1.3987869637138588,15
192.168.1.12,192.168.1.1,10757,80,17,1250,1.8231651035323766,15
192.168.1.12,192.168.1.1,30002,53,17,1309,1.539587444817795,7
192.168.1.12,10.0.0.1,4969,80,6,1491,2.707280925916237,9
10.0.0.6,8.8.8.8,44384,80,17,811,2.008767899045924,11
10.0.0.5,8.8.8.8,46767,443,17,642,0.2422876749743576,5
10.0.0.5,8.8.8.8,63062,53,6,248,3.319313460452344,12
192.168.1.10,192.168.1.1,7699,53,6,1201,1.3269268881122807,11
192.168.1.10,10.0.0.1,42348,443,6,129,3.446866726437283,5
192.168.1.10,192.168.1.1,18470,443,17,800,4.090014813656917,9
10.0.0.6,10.0.0.1,44864,443,6,1057,1.9193533050934666,13
192.168.1.10,8.8.8.8,13171,80,6,1344,1.2124517996222874,19
192.168.1.10,10.0.0.1,57757,80,6,1469,3.171256335379011,13
10.0.0.6,192.168.1.1,6051,53,6,739,1.9528175050532033,5
192.168.1.10,10.0.0.1,10503,521,17,452,0.01,1
10.0.0.6,1.1.1.1,9385,443,6,500,2.557052800460346,8
10.0.0.6,8.8.8.8,11196,80,17,1001,0.9267550757583531,17
192.168.1.10,10.0.0.1,50659,53,17,1422,3.460254703122314,6
192.168.1.10,1.1.1.1,9984,199,17,1430,0.01,1
10.0.0.5,192.168.1.1,28209,443,17,900,3.2418754449973965,15
192.168.1.12,192.168.1.1,32069,443,17,1372,1.4210777995566566,6
10.0.0.6,10.0.0.1,19007,53,17,382,4.167653287375645,13
172.16.50.100,10.0.0.1,29438,53,17,2304,2.2875323541570283,4
192.168.1.12,192.168.1.1,42133,80,6,1489,3.3568198051433082,18
10.0.0.6,10.0.0.1,60903,443,6,151,3.5876695338758706,13
192.168.1.10,10.0.0.1,28771,53,6,77,0.8515171068651513,18
192.168.1.10,8.8.8.8,25058,443,6,235,3.251042050778272,1
10.0.0.5,8.8.8.8,6632,443,17,445,4.859696813858709,4
192.168.1.12,8.8.8.8,1712,53,6,320,4.440651248002946,2
10.0.0.6,10.0.0.1,12382,80,17,903,3.762318153649465,15
192.168.1.12,10.0.0.1,7416,53,17,1042,4.287900685971336,7
10.0.0.5,192.168.1.1,50041,53,17,628,2.822372193909004,1
10.0.0.5,1.1.1.1,41880,53,17,1266,0.8001062184519715,19
192.168.1.10,8.8.8.8,18470,80,6,753,1.3709932898891557,5
10.0.0.5,8.8.8.8,61448,443,17,307,1.4049750456221517,19
192.168.1.12,8.8.8.8,39154,53,6,872,3.820193715781721,18
10.0.0.5,10.0.0.1,40515,80,6,247,3.47198034095117,16
10.0.0.6,1.1.1.1,12465,53,17,539,3.4153900345666353,4
10.0.0.6,192.168.1.1,58668,53,17,117,3.5341439017400766,14
10.0.0.6,10.0.0.1,28013,80,6,293,0.586295951915438,17
172.16.50.100,10.0.0.1,35769,80,6,2763,4.689547508703482,15
192.168.1.12,8.8.8.8,63238,53,17,42,2.388347933326474,10
192.168.1.10,1.1.1.1,60270,80,6,807,3.9912959121749316,2
10.0.0.6,10.0.0.1,20719,53,6,1292,0.34237945282895477,7
192.168.1.10,192.168.1.1,29020,443,17,645,1.1984640136791185,17
192.168.1.12,8.8.8.8,2486,53,6,1016,4.074574854382606,10
192.168.1.10,1.1.1.1,29630,80,17,948,4.238538212875513,19
10.0.0.6,8.8.8.8,36490,80,17,1464,3.026555016609272,1
192.168.1.10,10.0.0.1,7573,80,6,692,0.3178348786360416,14
10.0.0.5,192.168.1.1,42941,443,6,720,4.397325769477292,1
192.168.1.12,1.1.1.1,33729,80,17,70,2.3605731643434655,14
10.0.0.5,1.1.1.1,63755,80,6,806,4.96566223918966,10
10.0.0.5,8.8.8.8,20314,443,17,525,3.658831894235272,17
192.168.1.12,192.168.1.1,8835,53,17,1193,4.543332893434094,6
10.0.0.6,8.8.8.8,54487,443,6,623,2.0051083931468923,5
192.168.1.10,1.1.1.1,17192,53,6,122,0.17567237139215053,18
192.168.1.12,192.168.1.1,36246,80,17,435,3.42372967345248,10
192.168.1.10,8.8.8.8,17689,443,6,875,1.5693834329082963,18
10.0.0.6,1.1.1.1,40825,443,17,151,0.6355899486676415,7
192.168.1.10,1.1.1.1,13486,443,17,736,2.4425837793509824,17
10.0.0.5,192.168.1.1,16417,80,6,135,1.42092064573482,15
10.0.0.5,10.0.0.1,7721,80,6,1181,2.9136076280410386,11
192.168.1.12,1.1.1.1,20079,80,17,1312,2.0254021762400067,6
192.168.1.10,192.168.1.1,4242,53,17,447,3.806368130772321,12
192.168.1.12,10.0.0.1,9659,80,6,1046,0.5773769863271135,5
10.0.0.5,10.0.0.1,61392,80,17,493,3.946405715394433,3
192.168.1.12,1.1.1.1,40756,80,17,86,0.9238836809617275,10
192.168.1.12,10.0.0.1,5531,80,17,80,0.12055534969117462,15
10.0.0.6,10.0.0.1,53336,80,17,227,2.6240688678101374,2
10.0.0.5,10.0.0.1,37281,80,17,1363,2.5472916076236705,2
172.16.50.100,8.8.8.8,35058,80,17,3485,3.1242318112058873,11
192.168.1.10,8.8.8.8,12679,443,17,1217,1.5009824081430074,2
192.168.1.10,10.0.0.1,56494,914,6,1424,0.01,1
192.168.1.10,10.0.0.1,65450,80,6,813,0.35220803947361246,18
192.168.1.10,1.1.1.1,43317,80,17,290,3.3773860479924385,16
192.168.1.10,192.168.1.1,62297,443,17,1072,1.2761688025835034,14
192.168.1.10,1.1.1.1,34282,80,6,458,3.060580099900847,18
192.168.1.10,192.168.1.1,56883,53,6,901,4.183945490483119,9
192.168.1.10,8.8.8.8,57372,53,17,899,1.6596437072228452,14
10.0.0.5,1.1.1.1,24976,443,17,199,3.165642136601183,10
10.0.0.6,1.1.1.1,60282,80,6,1482,0.2386020653922259,8
192.168.1.10,192.168.1.1,40954,80,17,688,4.198165048610272,4
10.0.0.5,192.168.1.1,20699,53,17,1187,4.804859908402321,7
192.168.1.10,192.168.1.1,24253,443,17,1395,2.224320239631505,13
10.0.0.5,192.168.1.1,32278,53,17,743,4.751376171861833,18
192.168.1.12,8.8.8.8,52590,443,6,245,3.390614945613473,8
172.16.50.100,1.1.1.1,13574,53,17,3774,3.5341069208756086,18
192.168.1.10,192.168.1.1,28276,443,17,1328,2.198428665409312,10
192.168.1.10,192.168.1.1,41820,197,17,510,0.01,1
192.168.1.12,1.1.1.1,15689,443,17,1035,3.713508244645799,5
10.0.0.5,8.8.8.8,1105,443,6,44,3.63232037601896,11
172.16.50.100,10.0.0.1,49271,80,17,4187,3.0344126459831045,13
192.168.1.12,192.168.1.1,40684,53,6,790,2.5866893914320865,11
10.0.0.5,8.8.8.8,65172,443,17,1143,1.6515078461367334,7
10.0.0.6,192.168.1.1,41553,53,17,814,2.1295262415396814,6
192.168.1.12,8.8.8.8,13161,80,6,114,3.002440982722711,14
192.168.1.10,10.0.0.1,63345,53,17,1425,2.7940663223232374,12
10.0.0.6,8.8.8.8,63548,53,6,1443,0.8412844874099228,1
10.0.0.5,1.1.1.1,24559,53,6,693,2.56554391580126,8
10.0.0.5,192.168.1.1,53404,53,6,294,4.710737320132652,17
192.168.1.10,192.168.1.1,60841,80,6,511,2.9810809117407526,5
10.0.0.6,8.8.8.8,8105,53,6,804,4.040157687091424,3
10.0.0.5,8.8.8.8,17665,443,17,229,0.9215920368726097,6
172.16.50.100,1.1.1.1,10609,80,6,4340,0.9321290993267091,13
10.0.0.5,192.168.1.1,24666,443,6,1467,3.449525000241358,4
10.0.0.5,8.8.8.8,50621,80,17,698,0.471922553745598,14
10.0.0.6,10.0.0.1,31153,53,17,837,0.7344610120427877,13
10.0.0.5,192.168.1.1,34300,80,6,710,2.4900118743982524,3
10.0.0.6,192.168.1.1,47609,80,17,1130,0.1889235048484869,13
10.0.0.6,8.8.8.8,23959,443,6,882,3.472981531775603,7
10.0.0.6,8.8.8.8,51542,80,17,682,0.5395514116982119,6
192.168.1.10,1.1.1.1,16399,80,6,455,3.468403746290814,11
10.0.0.5,1.1.1.1,33867,80,6,1404,4.561283932568525,16
192.168.1.12,192.168.1.1,37477,80,17,707,4.953301323671556,6
10.0.0.6,10.0.0.1,48373,443,17,1186,1.9236090635679015,2
192.168.1.10,1.1.1.1,49068,443,6,1079,1.1298818952032992,7
192.168.1.10,192.168.1.1,16774,443,17,185,2.5992380205241017,11
10.0.0.5,8.8.8.8,39791,443,6,234,2.9957645563280955,9
192.168.1.10,8.8.8.8,45181,80,17,863,1.7387830140654446,16
192.168.1.12,10.0.0.1,3119,53,6,790,0.3211338891804103,15
192.168.1.10,192.168.1.1,8118,53,6,412,1.4143491149474325,6
192.168.1.12,192.168.1.1,60086,80,6,481,4.266026419345677,6
10.0.0.5,8.8.8.8,35374,80,6,864,3.570537883266449,7
192.168.1.12,8.8.8.8,18868,53,17,1026,1.89313423795062,18
192.168.1.12,192.168.1.1,36752,53,6,130,2.946505360169961,10
10.0.0.6,8.8.8.8,52151,53,17,317,0.8920367272561311,16
192.168.1.10,10.0.0.1,51333,80,17,1461,2.847847810539324,16
192.168.1.12,192.168.1.1,37417,53,17,1416,2.2679529859073524,9
192.168.1.10,192.168.1.1,19086,80,17,174,1.090673405736397,6
10.0.0.5,10.0.0.1,29117,443,6,395,3.6414403354741176,17
192.168.1.10,10.0.0.1,40658,53,6,381,1.2700820334681777,3
192.168.1.10,8.8.8.8,37795,443,17,74,3.631150624472882,6
192.168.1.12,192.168.1.1,25500,53,17,956,0.9289189543479422,7
192.168.1.12,192.168.1.1,58859,443,6,1371,3.6862399366546477,6
10.0.0.6,8.8.8.8,38660,443,6,312,0.11561203487692005,1
10.0.0.6,10.0.0.1,16508,80,17,879,1.5206078697772465,4
192.168.1.10,10.0.0.1,61130,53,6,836,3.166784593251425,12
192.168.1.10,10.0.0.1,43892,80,17,655,1.1556004549142995,7
10.0.0.5,192.168.1.1,52071,53,17,1219,1.3075619712205915,13
10.0.0.6,10.0.0.1,8440,53,6,753,2.360449230882918,3
10.0.0.6,1.1.1.1,57356,53,17,116,4.3131733063844075,7
10.0.0.5,1.1.1.1,21191,53,6,112,3.3958784343690147,17
10.0.0.5,192.168.1.1,41220,80,6,488,3.3016179787950035,18
10.0.0.5,192.168.1.1,57933,80,17,1285,1.3238658704579194,3
10.0.0.6,8.8.8.8,57718,53,6,1359,3.846960860616996,18
192.168.1.12,1.1.1.1,26871,53,17,1126,2.724221572024695,9
10.0.0.5,10.0.0.1,51820,443,17,1032,0.3569416467297183,11
10.0.0.6,192.168.1.1,50086,443,6,575,2.6888819050901778,10
192.168.1.12,192.168.1.1,42134,443,6,718,2.5456375204457085,10
10.0.0.6,1.1.1.1,43198,53,17,1479,3.227569769112588,7
192.168.1.12,192.168.1.1,30162,443,17,685,0.36350486068916776,11
10.0.0.5,1.1.1.1,14022,53,17,1011,4.334705941924837,10
192.168.1.12,192.168.1.1,17087,443,17,415,3.8030422489940285,15
10.0.0.5,8.8.8.8,18102,53,6,1091,2.59268462345761,18
192.168.1.10,1.1.1.1,2959,443,17,306,1.8522168724302766,8
192.168.1.12,192.168.1.1,48789,80,17,1343,2.4277922475530302,2
192.168.1.12,10.0.0.1,51575,53,6,331,3.089174333351669,13
10.0.0.5,10.0.0.1,28542,53,17,687,3.5074266842455746,12
10.0.0.6,192.168.1.1,51218,443,17,1104,3.0171798649971127,8
10.0.0.5,192.168.1.1,35994,443,17,396,3.5818905344756264,9
192.168.1.12,1.1.1.1,63147,53,17,931,3.3289403811504252,4
172.16.50.100,10.0.0.1,29423,443,6,2224,2.3408395523166425,1
192.168.1.10,1.1.1.1,43155,80,17,113,3.8106975047743084,14
192.168.1.12,8.8.8.8,15074,80,17,295,0.9818342604201701,2
172.16.50.100,192.168.1.1,44594,53,17,4391,4.386938686593961,3
192.168.1.10,1.1.1.1,5882,53,17,150,4.964267118771361,3
10.0.0.5,1.1.1.1,35866,53,17,827,3.283564677282055,14
10.0.0.6,1.1.1.1,17067,53,6,1314,1.480873468051928,1
192.168.1.10,8.8.8.8,45688,443,17,587,1.0255622431528806,9
192.168.1.10,10.0.0.1,31777,53,6,378,2.83238374104178,15
172.16.50.100,1.1.1.1,5059,53,6,3198,2.2804932956774193,7
192.168.1.12,192.168.1.1,53801,80,6,815,4.707533920547506,14
10.0.0.5,10.0.0.1,55025,80,6,407,2.430790264252472,4
10.0.0.5,10.0.0.1,44847,53,17,1040,2.6026575384957207,9
10.0.0.6,10.0.0.1,6158,443,17,1016,3.961718047071914,8
192.168.1.10,10.0.0.1,29878,53,6,923,4.74351496174845,3
10.0.0.6,8.8.8.8,60585,80,17,99,1.3360402994767666,12
192.168.1.12,10.0.0.1,58722,80,17,680,2.9710209600608986,2
192.168.1.12,1.1.1.1,51790,53,17,617,2.4446386672882854,7
192.168.1.12,192.168.1.1,28966,80,6,325,0.12467881860582165,7
10.0.0.6,1.1.1.1,45163,80,17,237,2.8325842672722708,18
192.168.1.10,1.1.1.1,31053,443,6,1403,1.2302283678150217,14
192.168.1.10,10.0.0.1,53946,443,17,513,4.768960810301094,18
192.168.1.10,8.8.8.8,50339,53,6,964,4.928936213042408,12
10.0.0.6,10.0.0.1,32826,80,6,879,3.6525604212621525,13
10.0.0.5,10.0.0.1,44312,443,17,1347,0.33582778551525283,14
192.168.1.10,8.8.8.8,55885,53,6,503,2.7496511464620643,10
10.0.0.6,1.1.1.1,55255,80,17,1480,0.8926876836141997,9
10.0.0.5,10.0.0.1,31760,80,6,751,1.967026966485113,14
10.0.0.6,192.168.1.1,19175,80,17,905,3.7737227615638504,7
10.0.0.5,8.8.8.8,59998,443,17,794,1.2359004254887962,12
10.0.0.6,192.168.1.1,36559,80,6,290,0.8783580200127732,17
10.0.0.5,8.8.8.8,47059,53,17,771,1.3411091109191393,5
10.0.0.6,10.0.0.1,30383,53,6,48,3.8545964850906413,14
192.168.1.10,192.168.1.1,26536,53,6,878,3.1291852843347656,4
192.168.1.12,192.168.1.1,18801,443,6,931,4.658996966325845,7
192.168.1.12,1.1.1.1,4783,53,6,537,2.272684571983981,1
192.168.1.12,1.1.1.1,54921,80,17,1132,3.134423537052335,8
10.0.0.6,10.0.0.1,64819,443,6,524,4.015243008477075,2
10.0.0.6,10.0.0.1,46538,80,6,633,3.096892634096313,11
192.168.1.12,10.0.0.1,53319,53,6,71,2.710916172491548,15
10.0.0.5,8.8.8.8,35850,53,6,1117,2.599783928013738,17
10.0.0.6,10.0.0.1,39903,80,6,900,2.2558343922908577,18
10.0.0.5,1.1.1.1,6809,443,6,1285,1.023089738038347,13
192.168.1.12,10.0.0.1,55107,53,17,1439,4.212897334361906,4
192.168.1.10,192.168.1.1,23974,443,17,1187,2.2122326091220597,12
172.16.50.100,192.168.1.1,26227,80,6,3820,2.7034902174322673,2
10.0.0.6,10.0.0.1,58315,443,6,626,0.5410861316784936,16
192.168.1.10,10.0.0.1,48098,53,17,231,3.5950581284321292,7
192.168.1.12,10.0.0.1,53402,80,17,1117,3.453492744342302,2
10.0.0.5,1.1.1.1,58607,80,6,1451,2.4288662182173253,14
10.0.0.5,10.0.0.1,11504,80,6,558,2.9257960537297154,5
192.168.1.10,192.168.1.1,18559,80,6,1490,1.618350693850683,18
192.168.1.10,192.168.1.1,33356,443,17,1401,4.157919186356316,19
10.0.0.5,10.0.0.1,60360,80,17,569,4.815150167612328,2
10.0.0.5,10.0.0.1,24517,80,17,105,3.957526482445089,4
192.168.1.10,192.168.1.1,16400,443,6,680,3.8447622880214607,12
192.168.1.12,192.168.1.1,27453,80,17,690,3.158694654075467,17
10.0.0.6,1.1.1.1,22177,80,17,674,0.3598768986362362,6
10.0.0.6,1.1.1.1,38053,443,6,1108,2.961909733086459,17
192.168.1.12,8.8.8.8,27123,443,17,495,3.9468410278247066,19
192.168.1.10,192.168.1.1,52381,443,17,1328,1.0052848409137585,14
10.0.0.6,1.1.1.1,39181,53,17,387,1.6885265729900683,16
10.0.0.5,10.0.0.1,49747,53,6,411,0.8473425377436188,7
192.168.1.12,1.1.1.1,8395,80,6,1309,3.358199633065731,6
192.168.1.10,1.1.1.1,63763,80,17,1125,3.839184503800384,19
10.0.0.5,1.1.1.1,65499,80,6,281,4.746723170574606,18
172.16.50.100,10.0.0.1,51808,443,17,3190,2.075805639092296,10
10.0.0.5,1.1.1.1,58681,53,6,1166,2.223354805413744,4
10.0.0.5,1.1.1.1,13814,53,17,612,3.343918836381867,4
192.168.1.10,1.1.1.1,17970,80,17,1245,2.9282733886195316,8
192.168.1.10,1.1.1.1,4351,80,17,701,2.2605311680488835,14
10.0.0.5,1.1.1.1,61666,443,17,94,3.346863153186973,6
192.168.1.10,8.8.8.8,42504,80,17,816,0.15300771580555741,9
192.168.1.10,192.168.1.1,22144,443,17,1454,4.436780950611075,14
10.0.0.6,10.0.0.1,44107,80,17,1351,3.39974085563884,7
10.0.0.5,192.168.1.1,21031,80,6,1358,4.574895692288637,6
10.0.0.6,192.168.1.1,48284,53,17,1417,3.5081094726301507,17
192.168.1.12,192.168.1.1,16697,53,17,1348,4.645635960247265,14
172.16.50.100,10.0.0.1,14570,53,6,4222,4.5707572407121155,11
192.168.1.12,192.168.1.1,58167,53,6,914,3.795981676023007,19
192.168.1.10,192.168.1.1,44122,53,17,1041,1.7390909345802026,13
10.0.0.5,1.1.1.1,62936,80,17,164,1.4625349399957397,16
10.0.0.6,8.8.8.8,46383,80,17,112,3.4388730418446682,14
10.0.0.5,192.168.1.1,40360,53,17,401,1.5222537633576274,18
192.168.1.10,10.0.0.1,33330,80,6,1195,0.31672586517754775,19
10.0.0.6,8.8.8.8,37604,53,17,1001,1.017350078827285,12
192.168.1.10,192.168.1.1,26325,53,17,424,3.0035825549510746,5
10.0.0.6,192.168.1.1,21297,905,6,249,0.01,1
192.168.1.12,1.1.1.1,62781,53,6,739,2.900689856459063,4
10.0.0.6,1.1.1.1,33248,53,17,1156,2.720387076745274,6
192.168.1.12,10.0.0.1,35226,53,6,448,4.578724332218097,18
10.0.0.6,10.0.0.1,36778,53,17,846,3.713820445062111,7
192.168.1.12,1.1.1.1,45872,53,17,1150,2.6099357275543764,17
192.168.1.12,10.0.0.1,30817,80,6,1248,2.2891230366933955,4
192.168.1.10,8.8.8.8,40930,53,6,766,0.75588018598873,2
192.168.1.12,8.8.8.8,34166,53,6,385,4.2017247652278735,2
10.0.0.6,8.8.8.8,33515,53,17,45,0.9802933566918028,8
10.0.0.6,1.1.1.1,51374,53,6,1232,0.22705320964439532,10
192.168.1.12,192.168.1.1,19420,80,17,946,3.200465512930094,3
192.168.1.10,192.168.1.1,35832,53,6,859,1.449360603602745,18
10.0.0.5,1.1.1.1,5155,53,17,714,4.436918630025576,5
172.16.50.100,192.168.1.1,22374,443,6,2167,4.026849887988042,5
192.168.1.12,10.0.0.1,59834,53,6,813,3.9995853909071863,1
10.0.0.6,10.0.0.1,15362,80,6,647,3.887053584347309,13
10.0.0.5,192.168.1.1,43851,80,6,1041,2.849470626539701,19
10.0.0.6,8.8.8.8,46879,443,17,547,4.251543841270712,5
10.0.0.5,10.0.0.1,4398,80,17,1235,2.0115988904983384,8
10.0.0.5,1.1.1.1,54539,443,17,40,1.9645378727391407,15
192.168.1.10,10.0.0.1,1564,443,17,75,2.4656916522138674,16
10.0.0.6,1.1.1.1,5315,443,17,132,0.10451956785039168,14
192.168.1.10,8.8.8.8,47766,53,17,774,1.7285300221354072,9
192.168.1.12,8.8.8.8,8258,53,17,156,4.360859453751665,4
10.0.0.5,192.168.1.1,29661,443,17,1363,0.14172741659367755,7
10.0.0.5,1.1.1.1,37330,80,17,1046,3.8884710797950213,13
10.0.0.6,10.0.0.1,43868,443,6,874,0.4411061161845822,14
192.168.1.10,10.0.0.1,59664,80,17,228,3.821472085294922,1
192.168.1.10,1.1.1.1,5114,80,6,723,1.1805921140642395,9
10.0.0.6,10.0.0.1,36465,80,17,699,4.794733708003053,5
192.168.1.12,1.1.1.1,52141,53,6,1037,3.80727064662272,13
192.168.1.12,10.0.0.1,60642,443,17,520,3.310259621169982,13
192.168.1.12,1.1.1.1,56930,53,17,1309,0.5717220734160036,14
10.0.0.6,10.0.0.1,2934,53,6,1075,1.7935485227692276,18
192.168.1.10,1.1.1.1,17147,53,17,1112,3.6719238597104304,1
10.0.0.6,192.168.1.1,51541,53,6,912,2.8490656088005277,4
192.168.1.10,10.0.0.1,11452,443,17,1313,0.7306433270407677,14
192.168.1.12,10.0.0.1,33412,443,6,655,2.0731259020165873,17
10.0.0.6,192.168.1.1,34393,80,6,278,2.287734073711476,4
172.16.50.100,10.0.0.1,55831,80,17,3676,3.1798286555836546,8
10.0.0.5,1.1.1.1,44503,443,17,1231,1.0720627265593288,13
192.168.1.12,1.1.1.1,53091,80,17,867,0.2751706634365859,12
10.0.0.6,8.8.8.8,63295,443,17,962,1.9606907984849449,3
192.168.1.10,192.168.1.1,19294,53,17,1115,4.521140181187336,10
192.168.1.10,8.8.8.8,42327,443,6,823,3.621021780011878,11
10.0.0.5,192.168.1.1,9749,80,6,1183,3.431568064916609,15
192.168.1.10,10.0.0.1,31583,80,6,1066,0.47061986262815136,11
10.0.0.6,10.0.0.1,48001,443,17,549,4.304283804450141,5
10.0.0.5,1.1.1.1,11013,80,6,1076,2.694417945845448,8
192.168.1.10,8.8.8.8,23190,443,17,1376,2.9560945891244153,7
192.168.1.12,1.1.1.1,51332,443,17,643,4.249522684799871,10
192.168.1.10,10.0.0.1,17070,443,6,1157,2.9135349132734016,9
10.0.0.6,10.0.0.1,57727,443,6,1433,4.4624815608766015,17
10.0.0.6,8.8.8.8,23584,443,6,286,2.4736567965296845,8
10.0.0.5,192.168.1.1,26870,80,17,233,3.678739426542933,17
192.168.1.12,10.0.0.1,54257,53,6,1190,0.4281397706732466,10
10.0.0.6,8.8.8.8,56150,366,6,776,0.01,1
10.0.0.5,10.0.0.1,52072,443,6,715,3.277418291486824,7
10.0.0.6,10.0.0.1,42204,80,6,1382,3.7028156400758494,13
192.168.1.12,1.1.1.1,45855,80,6,907,2.5408733687778304,6
192.168.1.12,1.1.1.1,63797,53,6,496,2.7656701308337315,19
192.168.1.12,8.8.8.8,26761,443,17,1182,0.8063654754808206,3
10.0.0.5,10.0.0.1,9813,80,17,825,2.7562161004557155,4
192.168.1.10,10.0.0.1,18858,443,6,1493,1.3930345952941,7
192.168.1.10,10.0.0.1,2121,443,17,1164,1.419229609962823,6
192.168.1.10,1.1.1.1,22819,80,6,449,1.6872758514189499,7
192.168.1.10,8.8.8.8,5450,53,6,496,0.4985752866970794,13
192.168.1.10,192.168.1.1,31358,443,17,1223,3.0451621567564837,7
192.168.1.12,192.168.1.1,9692,53,17,1446,3.8604466668888056,1
10.0.0.5,192.168.1.1,8693,443,6,678,1.4229984584599218,7
192.168.1.10,1.1.1.1,29157,53,6,1298,0.8528175473892299,8
10.0.0.6,8.8.8.8,15798,53,17,129,4.103380988600194,19
10.0.0.6,8.8.8.8,49599,80,6,1285,4.29957174315824,14
10.0.0.6,10.0.0.1,48364,443,6,1361,0.3201843951676449,4
10.0.0.5,8.8.8.8,13720,53,6,505,2.760537459363106,10
192.168.1.12,192.168.1.1,55844,80,6,1048,2.534585561532889,11
192.168.1.10,8.8.8.8,9854,80,17,383,0.5089891437805734,18
10.0.0.5,8.8.8.8,38015,80,17,1057,2.6662681802416164,11
10.0.0.6,10.0.0.1,23087,80,6,615,1.0730607563004533,19
192.168.1.12,1.1.1.1,3627,53,17,478,2.8086319354428615,19
192.168.1.12,1.1.1.1,39317,53,6,1488,2.594007920464232,15
192.168.1.12,8.8.8.8,26360,80,17,1263,3.674368770746322,18
192.168.1.12,1.1.1.1,42725,53,6,211,2.921912922244522,3
10.0.0.5,10.0.0.1,24718,80,6,1371,1.1454834631452737,11
192.168.1.12,1.1.1.1,3418,53,17,1410,3.0278889091021504,14
10.0.0.6,1.1.1.1,35112,443,6,274,1.4094370881277019,14
192.168.1.12,8.8.8.8,23213,80,6,1246,4.075378175477964,9
10.0.0.6,1.1.1.1,39805,443,17,749,4.2318530562395855,7
10.0.0.5,192.168.1.1,41459,53,17,778,0.8238947710550953,13
10.0.0.5,10.0.0.1,59515,80,6,543,4.741159505363432,7
192.168.1.10,1.1.1.1,54877,443,6,1468,3.8640424732811796,6
10.0.0.5,192.168.1.1,18927,80,17,747,3.6458370164451126,10
192.168.1.10,192.168.1.1,59803,80,17,1091,3.9168822696013987,6
192.168.1.12,8.8.8.8,26288,53,6,109,4.589135079129022,11
192.168.1.10,10.0.0.1,62166,80,17,216,0.9225505432666151,12
10.0.0.5,8.8.8.8,20313,443,6,760,2.19322844312586,11
10.0.0.6,8.8.8.8,53542,53,17,256,3.643651552699871,17
192.168.1.12,10.0.0.1,16519,80,6,1477,4.674774609635217,2
10.0.0.6,8.8.8.8,45775,53,6,493,1.8241994836070665,11
192.168.1.12,1.1.1.1,2996,80,17,1108,3.884753671759524,7
192.168.1.12,10.0.0.1,35953,295,6,1373,0.01,1
192.168.1.10,8.8.8.8,36678,53,17,75,2.4465332349565214,5
10.0.0.5,192.168.1.1,26391,53,6,126,4.156772545122729,13
10.0.0.5,8.8.8.8,26739,80,17,137,3.863352907272798,8
192.168.1.12,10.0.0.1,63521,443,6,1114,4.9922394161264965,6
10.0.0.6,10.0.0.1,50076,443,6,45,1.8168906819222799,10
192.168.1.12,1.1.1.1,18448,443,17,458,4.904987797805928,16
192.168.1.10,10.0.0.1,20215,80,17,1143,1.6565992429220489,9
192.168.1.10,192.168.1.1,19195,53,6,1208,1.1840409637714657,11
10.0.0.5,10.0.0.1,8801,80,17,1095,2.3125952866720247,17
10.0.0.5,10.0.0.1,57340,80,17,1125,3.6713331068678903,4
10.0.0.6,8.8.8.8,2554,53,17,732,4.588000604991095,2
10.0.0.5,8.8.8.8,42435,53,17,102,0.32574050126040877,19
10.0.0.6,8.8.8.8,17048,80,17,895,0.3428574368873761,17
192.168.1.12,8.8.8.8,33706,53,17,405,2.7728296701079946,2
10.0.0.5,192.168.1.1,28904,80,6,1469,1.2662098716638877,9
10.0.0.6,192.168.1.1,28195,80,17,114,4.729270466843334,18
192.168.1.10,8.8.8.8,61490,80,17,869,1.4626928416660172,5
192.168.1.10,10.0.0.1,58867,443,17,233,0.15045650342099182,1
10.0.0.5,10.0.0.1,61702,443,6,651,3.4836619659430457,12
10.0.0.5,1.1.1.1,55185,443,6,1489,1.0968451271441733,9
10.0.0.5,10.0.0.1,57364,443,17,930,3.8033092542278095,11
192.168.1.12,192.168.1.1,28580,80,6,382,2.2853880015780943,12
192.168.1.12,192.168.1.1,38671,443,6,1268,4.274020955525291,4
10.0.0.6,1.1.1.1,12170,443,6,639,3.3529410790294563,14
192.168.1.10,8.8.8.8,8923,80,6,1107,4.157979815695711,16
192.168.1.12,8.8.8.8,1786,443,6,375,2.134031264085089,11
10.0.0.5,10.0.0.1,45824,80,6,1151,3.32534541999056,14
10.0.0.5,1.1.1.1,59395,443,17,587,0.11572412569862103,14
10.0.0.5,1.1.1.1,2324,80,17,194,4.665990060619165,2
192.168.1.12,8.8.8.8,1141,80,6,490,3.545897361911904,12
192.168.1.10,192.168.1.1,63388,80,17,247,1.0490548077285562,16
192.168.1.10,1.1.1.1,46219,53,6,334,0.8234532561714183,15
192.168.1.10,192.168.1.1,11021,80,17,1479,3.763108550811581,12
192.168.1.12,192.168.1.1,44885,443,17,947,0.9302054302821359,16
172.16.50.100,1.1.1.1,51193,53,17,4084,1.6852581213122242,14
10.0.0.5,192.168.1.1,61710,80,6,552,1.4742945060011439,12
192.168.1.10,1.1.1.1,11001,80,6,117,0.23877760034406006,11
10.0.0.5,192.168.1.1,23335,443,17,837,0.256906683469583,19
10.0.0.6,1.1.1.1,49967,80,6,861,0.9446021875552596,17
192.168.1.10,10.0.0.1,29111,443,17,298,0.8314372612189578,15
192.168.1.10,10.0.0.1,44651,80,17,1166,1.3163130559841216,6
192.168.1.12,192.168.1.1,2399,80,6,368,3.199730081138616,9
10.0.0.5,1.1.1.1,1676,53,17,1050,1.8334501630695454,2
10.0.0.5,10.0.0.1,41698,443,17,1091,3.3936549379794925,12
10.0.0.5,8.8.8.8,22530,80,17,1284,3.8402707688116022,16
192.168.1.12,1.1.1.1,35654,80,17,330,2.9424401696370555,3
192.168.1.12,1.1.1.1,48232,443,17,1480,0.852213597433201,16
10.0.0.6,192.168.1.1,1259,443,6,828,2.1372450529090288,1
10.0.0.5,192.168.1.1,7543,53,17,313,0.40354026938682086,12
10.0.0.6,10.0.0.1,40132,80,6,827,2.9336449395019017,14
10.0.0.5,192.168.1.1,28110,217,6,497,0.01,1
10.0.0.5,192.168.1.1,34491,443,17,248,3.0283896357304085,1
10.0.0.6,192.168.1.1,47740,80,6,1284,0.12549082318161667,16
192.168.1.12,1.1.1.1,18227,443,17,882,2.044743999664225,9
192.168.1.10,1.1.1.1,63583,443,17,931,2.8561737274839194,14
192.168.1.10,10.0.0.1,20867,443,17,950,4.180648000153588,19
10.0.0.5,1.1.1.1,3893,80,6,184,3.2909636981737527,2
192.168.1.10,10.0.0.1,33111,53,17,395,2.5266216899811025,17
10.0.0.6,8.8.8.8,19687,443,17,808,4.3496782163477175,8
10.0.0.6,1.1.1.1,25185,80,6,866,4.965750677233159,7
192.168.1.10,1.1.1.1,20791,443,6,134,2.2345967075526163,6
10.0.0.5,8.8.8.8,31328,53,6,1241,1.4250203771355145,2
10.0.0.5,192.168.1.1,19276,443,17,637,1.6925747027270046,10
192.168.1.10,1.1.1.1,31185,80,17,462,2.8524742827028335,5
10.0.0.5,1.1.1.1,62737,443,6,1100,2.549832729374027,8
10.0.0.6,1.1.1.1,37856,80,17,569,0.22636471433330954,11
192.168.1.10,192.168.1.1,11593,80,6,348,0.3206949735697662,7
10.0.0.6,192.168.1.1,12164,80,17,214,2.4546399802489307,14
192.168.1.10,10.0.0.1,36593,443,17,1329,1.9026964635670842,4
192.168.1.10,8.8.8.8,19963,80,6,832,2.55007686599261,1
10.0.0.6,10.0.0.1,62611,80,17,1060,4.41014665193213,9
192.168.1.10,1.1.1.1,54290,53,17,526,0.9689432256090749,16
10.0.0.6,8.8.8.8,24635,443,17,691,4.218066529659239,11
10.0.0.6,1.1.1.1,47218,53,6,1452,4.236357345297753,4
10.0.0.6,192.168.1.1,56720,443,6,95,3.170433851819767,18
10.0.0.5,1.1.1.1,19756,53,17,132,2.709442576605124,13
10.0.0.6,1.1.1.1,3182,53,17,986,2.988985235039581,14
10.0.0.6,192.168.1.1,5710,53,17,1213,2.447603493015994,5
10.0.0.6,192.168.1.1,47384,53,17,880,4.662135675823631,19
192.168.1.10,10.0.0.1,24604,443,17,405,1.4674812297857618,19
10.0.0.6,192.168.1.1,33259,80,17,1064,2.111133737756845,16
10.0.0.6,10.0.0.1,13616,80,6,583,4.9429848427177445,7
10.0.0.6,8.8.8.8,52617,80,17,1274,0.12280628144446858,10
10.0.0.6,1.1.1.1,8394,53,17,278,0.9113168192139123,17
192.168.1.12,10.0.0.1,8161,443,6,1195,4.468457378515631,7
10.0.0.6,192.168.1.1,27364,53,17,881,3.6612906595619075,5
192.168.1.10,10.0.0.1,60511,443,17,1094,1.2216687794902241,1
192.168.1.12,1.1.1.1,33738,443,6,1380,1.1621202404619466,14
10.0.0.5,192.168.1.1,53666,443,17,699,1.1393464778490376,7
10.0.0.5,192.168.1.1,31901,80,17,383,0.9249602949886708,6
192.168.1.10,10.0.0.1,54206,443,6,794,4.848224297677761,6
10.0.0.5,10.0.0.1,31929,443,6,380,3.236316216376899,15
10.0.0.5,10.0.0.1,55126,80,17,614,3.7338740261981798,1
10.0.0.6,192.168.1.1,50192,80,17,920,3.68918283110725,5
10.0.0.5,8.8.8.8,52821,80,17,1438,2.725774263817734,3
192.168.1.12,10.0.0.1,28448,443,17,213,0.16558216237275744,5
10.0.0.6,1.1.1.1,12719,443,17,1084,0.5921848784684718,8
10.0.0.6,10.0.0.1,30059,53,17,802,3.042539522540049,17
192.168.1.12,192.168.1.1,50032,53,6,1488,3.7749006024773566,11
10.0.0.5,10.0.0.1,12438,80,17,1243,0.17785200510078525,10
192.168.1.10,192.168.1.1,57679,53,17,584,4.641771311316563,6
10.0.0.6,1.1.1.1,41832,80,6,530,2.944865618591192,13
10.0.0.6,192.168.1.1,29218,443,6,650,0.6023122409831014,5
192.168.1.12,8.8.8.8,55904,80,17,1066,1.529931844413203,3
192.168.1.12,8.8.8.8,11784,80,6,1094,1.2270208849832487,14
192.168.1.10,10.0.0.1,41146,53,17,1118,3.161591972646328,6
10.0.0.6,8.8.8.8,30248,443,17,1340,4.825586827425519,14
192.168.1.12,1.1.1.1,1462,53,17,1444,2.7432299870312296,10
10.0.0.5,192.168.1.1,14255,443,17,1455,4.089098785462439,3
10.0.0.5,1.1.1.1,11691,53,17,426,1.6802321496563144,2
192.168.1.10,10.0.0.1,33535,53,6,47,2.5778637874176926,4
192.168.1.12,10.0.0.1,11884,80,17,275,3.846085185265459,5
192.168.1.10,8.8.8.8,48205,53,6,653,3.0601971521214724,19
192.168.1.12,8.8.8.8,38757,53,17,1341,3.1196350163919004,1
10.0.0.5,192.168.1.1,3764,80,17,974,0.29327169321903446,14
10.0.0.5,1.1.1.1,28488,443,17,841,3.744997778806434,8
192.168.1.10,10.0.0.1,39056,53,6,570,3.9701249279133144,2
192.168.1.10,8.8.8.8,47073,443,17,742,2.8802665036055366,11
192.168.1.10,1.1.1.1,51124,443,17,89,0.9271589062522304,2
10.0.0.5,10.0.0.1,58482,443,17,776,1.6128511418079958,8
192.168.1.10,10.0.0.1,41111,80,17,467,2.679669789934194,1
10.0.0.6,10.0.0.1,3701,53,17,832,4.131871510844304,4
10.0.0.6,8.8.8.8,23520,80,17,661,2.9662669273842637,13
192.168.1.12,8.8.8.8,23051,53,6,418,4.594999590227257,17
10.0.0.5,1.1.1.1,62007,53,6,651,4.262669732434959,17
10.0.0.5,1.1.1.1,28277,53,17,188,2.7131921078247623,16
10.0.0.5,192.168.1.1,28457,80,17,1400,0.8536114045133271,5
10.0.0.6,192.168.1.1,37274,443,17,848,1.1157002438926558,2
10.0.0.5,192.168.1.1,32591,80,17,966,3.6609127231506005,14
192.168.1.12,8.8.8.8,60284,80,17,1031,2.1344560303895905,15
10.0.0.6,192.168.1.1,47755,80,6,96,4.207970043516838,11
10.0.0.6,10.0.0.1,58189,53,17,717,4.863418317895317,2
10.0.0.6,8.8.8.8,47815,80,17,229,0.5705973945365903,14
192.168.1.12,192.168.1.1,23592,443,6,580,3.907415640913543,9
10.0.0.5,10.0.0.1,56391,53,17,1073,0.5319088805248618,19
192.168.1.12,192.168.1.1,9213,53,17,345,2.034471625874658,2
192.168.1.12,1.1.1.1,55596,80,17,990,3.8671093237487035,10
192.168.1.12,8.8.8.8,25796,80,6,565,2.706379040262041,14
192.168.1.10,1.1.1.1,26445,834,6,110,0.01,1
10.0.0.5,10.0.0.1,20127,53,17,549,4.380757499055657,19
10.0.0.5,8.8.8.8,28961,53,6,729,3.7890522193215896,12
10.0.0.6,192.168.1.1,47353,53,17,1127,4.091090455484577,16
192.168.1.10,10.0.0.1,54064,80,6,275,4.147367641992604,18
192.168.1.10,192.168.1.1,12386,443,6,842,4.4647395619440715,8
10.0.0.6,10.0.0.1,37958,443,17,557,2.24664745311023,18
192.168.1.12,10.0.0.1,1852,443,17,655,2.997551115237958,15
192.168.1.12,10.0.0.1,56088,80,17,909,0.9715643820352297,3
192.168.1.10,1.1.1.1,58511,443,6,1398,1.4070465373245815,11
192.168.1.12,8.8.8.8,11472,80,6,1067,0.3808903903861057,19
10.0.0.6,1.1.1.1,46207,443,6,78,1.9346981923865867,8
10.0.0.5,192.168.1.1,17563,443,6,1096,1.4534020869869495,10
192.168.1.10,8.8.8.8,31954,80,17,1123,0.9534468451953685,9
10.0.0.6,10.0.0.1,64895,80,17,254,1.6096969728069899,11
192.168.1.10,8.8.8.8,25558,53,17,1206,4.396273424238171,5
10.0.0.6,1.1.1.1,33136,80,17,344,1.55101570781756,6
10.0.0.5,1.1.1.1,24898,80,6,785,3.1964228424376584,8
192.168.1.10,8.8.8.8,26210,53,6,141,4.448470669157659,4
192.168.1.10,10.0.0.1,4428,80,6,1158,2.3575792656902768,16
172.16.50.100,192.168.1.1,3751,53,17,3163,3.3023319021403084,19
10.0.0.5,10.0.0.1,56893,443,6,104,3.5595581446406253,8
10.0.0.5,10.0.0.1,35002,80,17,415,2.4027744122390966,3
10.0.0.6,1.1.1.1,59185,443,6,575,2.5184505619770063,2
192.168.1.10,1.1.1.1,51994,53,6,1112,3.9395216846495194,17
192.168.1.12,10.0.0.1,55149,80,6,1311,2.514682004623419,18
10.0.0.5,10.0.0.1,8592,53,6,302,1.317430185168193,4
192.168.1.12,1.1.1.1,37323,80,17,1387,2.963139382051836,19
10.0.0.5,10.0.0.1,35189,53,6,49,0.49070209380630325,16
10.0.0.5,10.0.0.1,57335,443,6,253,0.1580971356185666,10
10.0.0.6,1.1.1.1,25229,443,6,1245,2.7834400762486555,2
10.0.0.6,192.168.1.1,8300,53,6,1489,3.349918910250715,15
10.0.0.6,10.0.0.1,53689,53,17,1393,0.7373763015798582,7
192.168.1.12,8.8.8.8,32129,80,6,1236,0.21617911336551116,15
192.168.1.10,10.0.0.1,51060,443,17,857,1.0746617887993883,10
192.168.1.12,10.0.0.1,17720,80,6,304,1.5276897297681193,17
192.168.1.12,1.1.1.1,45641,443,6,265,1.568086707387098,14
192.168.1.10,192.168.1.1,43352,752,6,452,0.01,1
192.168.1.12,8.8.8.8,56389,80,6,1103,4.824999359006773,13
192.168.1.10,1.1.1.1,58948,443,6,413,2.2912679488531227,10
192.168.1.12,10.0.0.1,12664,53,17,599,2.267502434544866,18
192.168.1.10,10.0.0.1,65123,443,6,1289,1.3418543958633609,10
192.168.1.10,192.168.1.1,55302,53,17,948,3.274361121560491,5
192.168.1.10,8.8.8.8,38741,53,6,135,0.6314194057095422,5
192.168.1.10,10.0.0.1,23287,443,6,490,3.70202321516192,1
192.168.1.12,192.168.1.1,10173,53,17,1295,4.914697458998202,3
192.168.1.10,8.8.8.8,9812,80,6,86,4.900788285795931,9
10.0.0.6,1.1.1.1,12030,443,6,977,0.46601741244961115,17
192.168.1.10,1.1.1.1,25102,443,6,365,0.575452277045129,5
10.0.0.6,1.1.1.1,54613,80,17,300,0.8410051385948025,13
10.0.0.6,8.8.8.8,32602,53,6,532,1.4955160173685653,6
192.168.1.10,8.8.8.8,17048,80,17,456,2.3507875238954674,9
10.0.0.6,1.1.1.1,16996,443,6,252,0.32559839807086904,19
10.0.0.5,8.8.8.8,8287,443,6,944,4.9861125890621825,4
192.168.1.10,10.0.0.1,29393,80,6,718,4.614929229760526,1
192.168.1.12,8.8.8.8,5723,80,6,939,2.4092765431293834,8
192.168.1.10,1.1.1.1,2299,80,6,1195,4.140193497969691,6
192.168.1.12,10.0.0.1,28507,53,6,466,4.07071415252425,10
10.0.0.5,8.8.8.8,62705,80,6,747,2.274393325986213,18
10.0.0.5,192.168.1.1,52024,80,6,251,2.572186781480872,9
10.0.0.5,1.1.1.1,8218,53,6,1326,0.1820923404317792,16
192.168.1.10,8.8.8.8,12055,443,17,1166,2.5225782444793436,4
192.168.1.10,8.8.8.8,15801,53,6,1419,3.3400259321971375,11
192.168.1.12,8.8.8.8,62144,53,6,551,1.623871312980559,17
192.168.1.10,192.168.1.1,2304,80,6,469,0.5358520241273782,16
192.168.1.12,8.8.8.8,65299,80,6,1450,2.1288212093293795,6
10.0.0.6,192.168.1.1,4711,443,17,161,3.7021729480692627,11
192.168.1.12,10.0.0.1,5540,80,17,1434,1.5602612720194489,6
192.168.1.10,8.8.8.8,2177,443,17,1372,0.3855859740762253,16
192.168.1.10,8.8.8.8,63110,443,6,994,2.740317759406444,8
192.168.1.10,8.8.8.8,24237,443,6,1100,3.2603210032959407,7
10.0.0.6,10.0.0.1,4421,80,17,621,3.0712960203233535,6
10.0.0.6,8.8.8.8,24627,80,6,853,0.6313851943933404,3
192.168.1.12,8.8.8.8,11101,443,17,1154,3.9539615821490024,14
192.168.1.10,8.8.8.8,33255,53,6,484,2.755079890223427,3
10.0.0.6,10.0.0.1,48908,80,6,1149,2.8437257098777358,8
192.168.1.12,10.0.0.1,29284,443,17,469,3.143089212373746,2
192.168.1.10,192.168.1.1,54793,443,17,1177,2.772163287565459,9
10.0.0.6,1.1.1.1,45163,53,6,561,0.7053810847829016,3
10.0.0.6,8.8.8.8,45686,53,6,159,1.640709398407383,16
10.0.0.6,1.1.1.1,64160,443,6,1206,1.4129586181909328,14
10.0.0.6,10.0.0.1,47763,53,6,1379,1.150561589767432,17
192.168.1.12,10.0.0.1,65173,53,6,1430,2.539157042633901,13
10.0.0.6,1.1.1.1,33219,443,17,1105,1.669517509506866,11
192.168.1.12,8.8.8.8,39336,80,6,1317,4.422176863894934,9
192.168.1.12,8.8.8.8,45588,80,6,80,1.203040956255065,4
192.168.1.10,10.0.0.1,52612,80,17,824,2.860717099744173,1
192.168.1.12,8.8.8.8,14748,53,17,1456,4.270603325003774,15
10.0.0.5,192.168.1.1,15945,80,6,164,4.675016785044723,9
192.168.1.12,10.0.0.1,53826,80,17,391,4.176399179096625,7
10.0.0.6,1.1.1.1,35458,53,6,339,4.553440527574671,13
10.0.0.6,10.0.0.1,38840,443,17,40,3.3713169714220466,4
10.0.0.6,1.1.1.1,14336,80,17,565,1.2545044669741023,17
192.168.1.10,192.168.1.1,21826,80,6,816,0.8232446532507749,5
192.168.1.10,192.168.1.1,48819,80,6,859,2.9601881842162356,15
10.0.0.5,8.8.8.8,41681,223,17,1182,0.01,1
192.168.1.12,192.168.1.1,3720,443,17,965,3.737110631392186,10
192.168.1.10,8.8.8.8,8756,80,6,711,3.221987888987156,8
192.168.1.10,1.1.1.1,11860,80,6,1144,4.950697283681575,14
10.0.0.6,192.168.1.1,26482,80,6,1176,3.56328940373911,16
10.0.0.5,192.168.1.1,19557,53,6,136,4.590091475110248,8
10.0.0.6,192.168.1.1,18855,80,6,946,0.8052108210083072,9
10.0.0.6,1.1.1.1,10606,53,6,1448,0.21959402621085544,14
10.0.0.5,8.8.8.8,39907,53,17,202,1.9642052056902033,18
192.168.1.10,192.168.1.1,13278,443,17,517,0.8881951728535143,1
10.0.0.6,1.1.1.1,44634,80,17,501,0.8948780531954511,14
10.0.0.6,8.8.8.8,1345,80,6,827,2.8185711186316813,19
192.168.1.12,192.168.1.1,31987,53,6,187,4.990082494663785,5
192.168.1.10,10.0.0.1,41617,53,17,358,0.19202287431546597,17
172.16.50.100,8.8.8.8,52658,80,17,4483,0.1807258350370143,4
192.168.1.12,10.0.0.1,52850,80,17,932,0.2276091638862265,8
192.168.1.10,192.168.1.1,21070,443,6,877,3.6431272790555598,1
10.0.0.6,10.0.0.1,15350,53,6,1454,0.9206587425759387,16
10.0.0.6,8.8.8.8,12004,80,17,998,3.324106883290287,5
192.168.1.10,1.1.1.1,54489,443,17,186,3.8222492648361284,4
192.168.1.12,8.8.8.8,9648,443,6,672,2.44329240794188,14
192.168.1.12,1.1.1.1,58659,80,6,576,4.176092725988003,8
192.168.1.12,10.0.0.1,18640,53,6,1342,1.5816318755150156,16
192.168.1.12,10.0.0.1,11971,53,17,1223,3.576247726002892,9
192.168.1.10,192.168.1.1,17711,443,17,968,3.475862987548606,15
192.168.1.10,1.1.1.1,33084,80,6,798,1.4725454207582267,16
10.0.0.5,10.0.0.1,11096,53,6,249,3.6874802310533923,18
10.0.0.5,1.1.1.1,44394,53,6,429,4.428001300108405,6
10.0.0.6,1.1.1.1,52394,443,17,1076,3.215641809519914,4
192.168.1.10,1.1.1.1,16936,443,17,303,2.31574669764447,8
192.168.1.10,8.8.8.8,31601,80,17,228,3.899472844572042,19
10.0.0.6,8.8.8.8,51972,53,17,950,1.8776508428083818,12
10.0.0.5,192.168.1.1,40777,80,17,141,3.026395514524299,13
192.168.1.10,10.0.0.1,16093,443,17,1450,2.9886555567756092,1
192.168.1.12,1.1.1.1,37362,53,6,273,2.864332210648788,1
172.16.50.100,8.8.8.8,32327,443,6,4743,3.1028165041092612,10
192.168.1.10,1.1.1.1,24570,53,17,488,1.3339160697406598,13
10.0.0.5,8.8.8.8,46834,443,17,1134,0.49683755480337266,9
10.0.0.6,10.0.0.1,27389,53,17,325,0.6725659248741034,8
192.168.1.12,8.8.8.8,34876,443,17,106,0.7905259257778199,5
172.16.50.100,8.8.8.8,25222,443,6,2297,3.654996049387523,2
10.0.0.6,192.168.1.1,45956,443,17,734,4.8883526085249,10
172.16.50.100,1.1.1.1,47222,443,6,2638,1.956887060016198,19
192.168.1.10,8.8.8.8,3563,80,17,701,2.0102789186202257,17
192.168.1.10,192.168.1.1,4118,326,17,1349,0.01,1
10.0.0.6,8.8.8.8,37026,443,6,270,4.6880497642964665,8
10.0.0.5,10.0.0.1,10025,53,17,1297,4.382029042358388,11
10.0.0.5,8.8.8.8,20457,443,6,967,4.397014711074397,19
10.0.0.6,8.8.8.8,51072,80,17,1443,0.27999116327872714,18
10.0.0.5,1.1.1.1,24204,80,6,645,2.775556516885603,13
192.168.1.10,10.0.0.1,39454,80,17,423,1.3650996102907256,15
10.0.0.6,192.168.1.1,8959,80,17,72,1.5904825146123491,12
192.168.1.10,192.168.1.1,31824,53,6,640,4.814534922625803,5
10.0.0.6,192.168.1.1,49750,53,6,624,4.620480996844792,8
10.0.0.5,1.1.1.1,18466,53,17,637,2.501710650798372,5
192.168.1.10,1.1.1.1,22143,53,6,1025,0.37073052498530223,11
192.168.1.12,8.8.8.8,45073,443,17,93,2.2488184484687928,10
172.16.50.100,192.168.1.1,20280,53,6,2963,2.050713603017316,12
192.168.1.10,8.8.8.8,26779,443,17,669,0.976272872428075,4
192.168.1.10,8.8.8.8,8889,80,6,867,0.7134522273588269,16
10.0.0.6,192.168.1.1,47392,53,6,469,4.8575358887015065,13
10.0.0.5,8.8.8.8,31317,80,6,847,0.18024239733386574,2
10.0.0.5,10.0.0.1,63046,80,17,1340,4.958861144569276,6
10.0.0.6,8.8.8.8,27953,80,6,736,1.0071307353165573,6
192.168.1.12,1.1.1.1,6023,443,17,725,4.834561825352126,14
10.0.0.5,8.8.8.8,5350,53,17,578,2.7813795492238818,15
10.0.0.6,192.168.1.1,21872,443,17,1403,4.072791931087741,17
10.0.0.5,10.0.0.1,21478,443,17,407,0.20235367746945537,9
10.0.0.5,192.168.1.1,60747,443,6,650,3.8060220517948324,12
10.0.0.5,10.0.0.1,16025,80,17,357,1.6204113226250592,16
10.0.0.6,1.1.1.1,59058,80,6,780,4.517799487114927,3
10.0.0.6,8.8.8.8,31983,80,6,532,3.118211451134942,12
192.168.1.10,10.0.0.1,18265,53,6,1118,4.321073841471945,16
10.0.0.6,1.1.1.1,35787,331,6,445,0.01,1
10.0.0.6,10.0.0.1,39586,53,17,786,0.8518036452715168,1
192.168.1.12,8.8.8.8,53223,53,6,1368,1.1517485527855158,13
10.0.0.6,1.1.1.1,34848,491,17,568,0.01,1
10.0.0.6,8.8.8.8,10045,443,17,635,4.589685087796727,17
192.168.1.12,192.168.1.1,24122,443,6,108,1.8459494468159598,6
10.0.0.5,192.168.1.1,54809,80,6,1280,4.981939057663437,5
10.0.0.5,8.8.8.8,63556,53,17,576,0.2523117686287397,4
10.0.0.6,1.1.1.1,22399,53,6,337,1.7126652785308634,7
10.0.0.5,192.168.1.1,44443,443,17,49,2.1501606141039327,4
192.168.1.12,1.1.1.1,22015,53,17,834,1.2046701518906766,19
192.168.1.10,8.8.8.8,63579,443,17,329,3.8989749024610822,2
192.168.1.12,1.1.1.1,36703,443,17,98,2.4621567752677946,10
192.168.1.12,8.8.8.8,7876,443,6,800,4.673943266883888,18
192.168.1.10,1.1.1.1,17335,53,17,942,4.406160501872244,12
192.168.1.10,1.1.1.1,38723,53,17,1414,4.024925729176012,8
10.0.0.5,10.0.0.1,23750,80,6,292,1.8764079948854258,19
10.0.0.6,10.0.0.1,22204,80,6,190,1.0209967082844393,6
10.0.0.5,1.1.1.1,31093,80,6,89,2.1743711726018877,5
10.0.0.5,10.0.0.1,8241,443,17,1169,0.9185492740580118,19
10.0.0.5,1.1.1.1,10878,80,17,1046,3.8980532709703315,16
10.0.0.5,1.1.1.1,7677,443,17,1374,2.7593932936615793,7
192.168.1.12,1.1.1.1,28325,443,6,1447,2.600594518510392,6
192.168.1.10,192.168.1.1,53866,53,6,481,2.4146988663692843,2
192.168.1.10,10.0.0.1,8750,443,6,114,1.870292407556815,2
192.168.1.10,1.1.1.1,2823,357,6,1266,0.01,1
192.168.1.12,192.168.1.1,27627,443,17,707,1.1061891207319048,18
192.168.1.12,192.168.1.1,20303,53,17,336,4.7042874067308045,13
192.168.1.12,8.8.8.8,16789,443,6,1084,0.2252794626743909,18
192.168.1.10,192.168.1.1,53070,443,6,821,3.2524292802957113,19
10.0.0.6,1.1.1.1,1811,443,6,330,1.3926440542097789,12
192.168.1.12,192.168.1.1,53903,53,6,196,2.611818969472863,18
192.168.1.10,1.1.1.1,32011,443,17,380,4.641854659972637,13
10.0.0.6,8.8.8.8,20273,53,17,453,2.817366866518947,9
192.168.1.10,1.1.1.1,45981,53,6,59,3.9555307501308787,12
192.168.1.10,8.8.8.8,27249,443,6,1363,4.69482881489353,11
10.0.0.6,192.168.1.1,53805,80,6,391,0.1945015069959394,18
192.168.1.12,1.1.1.1,56401,80,6,1307,3.846845286501699,7
10.0.0.5,8.8.8.8,25639,80,6,1076,2.111495064646579,19
10.0.0.6,10.0.0.1,8273,80,17,1103,1.7761579380490673,12
192.168.1.10,192.168.1.1,12719,53,17,938,0.5111248495999917,15
192.168.1.12,1.1.1.1,65076,443,6,143,3.5519187533239367,12
192.168.1.12,8.8.8.8,40495,443,6,1087,3.9747205883785344,12
10.0.0.5,1.1.1.1,46064,53,17,273,1.3061131342997558,2
192.168.1.12,8.8.8.8,27026,443,6,630,1.2362627215163453,1
192.168.1.10,192.168.1.1,35531,53,6,389,0.383965819308951,14
192.168.1.12,8.8.8.8,42636,53,17,350,3.7475947427162115,11
10.0.0.5,8.8.8.8,55093,80,6,354,0.8099511788338567,8
192.168.1.10,1.1.1.1,32111,53,6,1405,4.7669029450651,6
10.0.0.5,10.0.0.1,59371,80,17,518,0.9443910245547326,1
10.0.0.6,192.168.1.1,50663,53,17,447,2.17658820296271,1
10.0.0.6,1.1.1.1,25840,443,6,954,3.1050177975197872,8
192.168.1.10,8.8.8.8,17979,53,17,1356,2.355079727323902,17
192.168.1.12,10.0.0.1,46201,53,17,1037,4.933803255431094,4
10.0.0.5,1.1.1.1,16827,53,17,884,2.4763798281868437,7
192.168.1.12,8.8.8.8,16621,443,6,494,1.7476515472482779,10
10.0.0.5,1.1.1.1,6277,80,6,1336,3.736615955745721,3
10.0.0.6,10.0.0.1,6442,53,6,1179,4.613038018109839,8
10.0.0.5,8.8.8.8,20785,53,6,1255,3.2435406614453677,8
192.168.1.10,1.1.1.1,13826,80,6,1040,3.3420371254251053,4
10.0.0.5,8.8.8.8,49593,443,6,576,2.232375778493348,18
192.168.1.12,10.0.0.1,31614,80,17,229,2.0486434324420055,4
10.0.0.5,10.0.0.1,20514,80,17,1390,3.9216078128617533,18
10.0.0.5,192.168.1.1,49511,443,6,837,0.17818032852874266,6
10.0.0.5,192.168.1.1,64895,80,6,924,2.556675123788502,16
10.0.0.6,1.1.1.1,18379,443,6,362,2.9832262948344286,17
10.0.0.5,8.8.8.8,7370,80,17,1307,3.7278610252669537,7
192.168.1.12,8.8.8.8,6630,53,6,500,4.978970868861152,3
10.0.0.5,8.8.8.8,27339,53,17,1405,3.9533753678565184,18
10.0.0.5,8.8.8.8,33761,53,17,626,0.28164219602505425,3
10.0.0.5,1.1.1.1,53472,53,17,800,4.420500971115338,15
10.0.0.6,10.0.0.1,25513,443,17,494,3.5677881632326987,13
192.168.1.10,10.0.0.1,29904,53,17,170,2.964452539671319,3
10.0.0.5,8.8.8.8,45134,443,6,755,1.9514114648987035,17
10.0.0.5,1.1.1.1,30914,53,17,1156,1.0404746416934174,12
192.168.1.12,192.168.1.1,5385,80,17,106,2.5414202186801584,10
192.168.1.10,1.1.1.1,39279,742,17,407,0.01,1
192.168.1.10,8.8.8.8,22718,53,17,1164,3.966224493618118,9
10.0.0.5,8.8.8.8,59998,443,6,1336,3.2999821855312015,7
10.0.0.5,192.168.1.1,26553,443,6,52,2.9797481339455856,8
192.168.1.12,10.0.0.1,31169,443,17,1491,4.384495838846961,12
10.0.0.6,1.1.1.1,24506,53,6,644,4.224077311565693,3
192.168.1.12,8.8.8.8,27614,53,6,1420,0.8920381664528277,9
172.16.50.100,10.0.0.1,8362,443,17,2877,0.5484528965286217,10
10.0.0.5,8.8.8.8,47888,443,17,1233,3.3355823143762056,12
10.0.0.5,1.1.1.1,52494,80,6,790,3.182046694864243,13
192.168.1.12,192.168.1.1,54047,443,17,1006,0.9972611828667569,16
192.168.1.12,10.0.0.1,19889,80,17,236,2.4416838139603088,13
10.0.0.6,1.1.1.1,38574,53,6,1070,1.2603643120906634,19
192.168.1.10,8.8.8.8,65421,53,6,1369,3.7012132994557025,8
192.168.1.12,1.1.1.1,58428,80,17,1440,1.8235294369312547,3
192.168.1.12,192.168.1.1,5219,53,6,76,3.336542320120075,14
10.0.0.5,1.1.1.1,34052,53,17,1269,1.9950428962482394,15
10.0.0.5,8.8.8.8,53166,443,17,147,2.8826461509523966,8
10.0.0.6,10.0.0.1,34345,53,17,352,2.4592914163841124,11
192.168.1.10,8.8.8.8,58822,80,6,995,1.4079972809483972,4
192.168.1.10,1.1.1.1,15301,53,17,1191,1.760067544232798,4
10.0.0.5,8.8.8.8,34527,443,17,609,4.505831109492262,2
10.0.0.6,8.8.8.8,21461,53,17,489,3.9217856141648695,1
172.16.50.100,10.0.0.1,33217,53,17,4417,4.028159148467727,9
192.168.1.12,192.168.1.1,13119,80,17,1252,0.8478696006168175,11
10.0.0.5,10.0.0.1,47222,53,17,462,2.324222367379417,19
10.0.0.6,8.8.8.8,12972,443,6,1457,0.7833838381324971,17
192.168.1.10,8.8.8.8,41777,415,6,669,0.01,1
10.0.0.6,1.1.1.1,8714,443,17,714,1.9149494507680407,4
10.0.0.5,1.1.1.1,31667,905,6,1335,0.01,1
192.168.1.12,192.168.1.1,44836,80,6,616,3.546304645422096,16
10.0.0.5,10.0.0.1,33769,53,17,1417,2.6171487334339654,1
192.168.1.10,192.168.1.1,13384,80,17,1351,0.989231499834666,12
192.168.1.10,8.8.8.8,8614,443,6,1163,2.3446261061969587,6
10.0.0.6,8.8.8.8,46779,443,17,949,2.544888546544009,19
10.0.0.6,1.1.1.1,40232,80,17,259,1.7193662919189934,9
192.168.1.10,8.8.8.8,42664,80,6,1200,2.2694090211354583,1
10.0.0.5,10.0.0.1,40468,53,6,1407,0.8027264052228963,18
10.0.0.5,192.168.1.1,34354,443,17,894,1.6299360180163773,19
10.0.0.6,8.8.8.8,22997,53,17,660,2.3163338834228417,3
10.0.0.5,192.168.1.1,61721,53,17,184,4.3541187492227404,12
10.0.0.6,1.1.1.1,30955,80,6,199,3.3053808680349617,18
192.168.1.10,1.1.1.1,50423,53,6,879,4.393000450862087,18
192.168.1.10,192.168.1.1,49983,53,17,208,4.393467054422777,6
10.0.0.5,1.1.1.1,52242,80,6,501,3.588783543614733,15
10.0.0.6,192.168.1.1,9631,80,6,500,4.212060289166928,3
192.168.1.10,192.168.1.1,39562,80,17,1055,1.7501839406043211,11
10.0.0.5,192.168.1.1,26630,443,17,518,2.9266875059440727,3
192.168.1.12,8.8.8.8,15295,443,17,659,2.7513468523872393,6
192.168.1.10,192.168.1.1,6430,443,17,566,0.6739577793732859,11
192.168.1.12,192.168.1.1,2063,443,17,1255,3.941876304221083,12
192.168.1.12,192.168.1.1,7169,443,17,1247,1.934866324707738,10
10.0.0.6,8.8.8.8,16847,80,17,170,0.5644768636741327,12
10.0.0.5,8.8.8.8,41385,443,6,741,4.280216809956465,6
10.0.0.6,8.8.8.8,1498,80,6,1360,2.5632842345813844,7
10.0.0.5,1.1.1.1,22234,53,17,1400,3.433944194871078,12
172.16.50.100,10.0.0.1,4392,80,6,3284,3.2573112260707795,11
10.0.0.5,1.1.1.1,46999,80,17,171,2.7973504873810837,11
192.168.1.12,1.1.1.1,12866,443,17,1477,3.799774614047616,13
10.0.0.6,1.1.1.1,26517,616,6,414,0.01,1
10.0.0.6,192.168.1.1,47354,53,6,127,3.1449239676588867,19
192.168.1.12,1.1.1.1,40029,80,17,505,3.871296568867034,13
10.0.0.6,192.168.1.1,29599,80,17,1279,4.728104498515591,15
192.168.1.10,8.8.8.8,21702,53,17,1035,4.2504970287274,17
10.0.0.6,1.1.1.1,62331,80,6,450,4.645022781889919,7
192.168.1.12,1.1.1.1,39002,443,17,525,2.9756595981449654,3
10.0.0.5,10.0.0.1,40802,443,6,655,0.2762007917933319,12
192.168.1.10,8.8.8.8,23830,443,17,1214,3.044700339892727,7
10.0.0.6,1.1.1.1,41466,80,6,1325,0.7472897657015726,15
10.0.0.6,1.1.1.1,58665,443,17,778,4.148320183908312,15
192.168.1.12,8.8.8.8,18079,53,6,205,1.6198661803621126,8
10.0.0.6,8.8.8.8,3543,53,17,1139,1.1429607057864228,9
192.168.1.10,192.168.1.1,62570,53,6,1409,4.462220946294334,4
10.0.0.6,10.0.0.1,45928,80,17,1051,4.552257185413342,12
10.0.0.5,10.0.0.1,44916,443,6,268,2.812146706997348,10
10.0.0.5,192.168.1.1,9813,80,17,1035,1.360043133774398,15
10.0.0.5,192.168.1.1,43095,443,6,194,2.024434915845207,9
10.0.0.6,1.1.1.1,46463,80,17,852,3.4957203204044696,6
192.168.1.10,10.0.0.1,61889,53,6,1442,0.36491661498943284,6
10.0.0.5,8.8.8.8,28378,80,6,1371,2.677614627601738,2
10.0.0.5,1.1.1.1,3277,80,17,533,3.9822660214647914,7
10.0.0.5,1.1.1.1,33108,80,17,529,0.31911965844666157,10
10.0.0.6,8.8.8.8,16894,443,6,504,0.23991498425543076,3
10.0.0.5,1.1.1.1,17000,53,6,1339,4.3099479072998115,10
10.0.0.5,1.1.1.1,16406,443,17,385,4.1123135774124435,16
10.0.0.6,8.8.8.8,20260,53,6,1424,1.2923901914825144,6
192.168.1.12,8.8.8.8,11657,443,6,330,3.8296645840277703,10
10.0.0.6,10.0.0.1,24876,80,6,121,2.364070090381043,9
10.0.0.5,10.0.0.1,15170,80,6,100,4.95053520467537,11
10.0.0.5,1.1.1.1,29772,53,6,1486,4.753172755683268,12
192.168.1.10,192.168.1.1,2051,80,6,673,0.4805748158697106,5
10.0.0.5,10.0.0.1,44495,443,6,768,3.4370229340463214,9
192.168.1.12,8.8.8.8,51028,443,17,1419,3.563474337407111,6
10.0.0.5,192.168.1.1,7592,443,6,691,3.243560576750051,12
192.168.1.10,10.0.0.1,5785,53,17,859,1.8547597374704832,16
10.0.0.5,8.8.8.8,17559,53,6,43,1.6474740605754254,5
192.168.1.12,8.8.8.8,6577,53,17,1384,4.2199801919902855,9
192.168.1.12,1.1.1.1,13908,443,6,647,2.2177306351458546,9
192.168.1.12,1.1.1.1,2246,53,6,60,4.430112197569285,5
10.0.0.5,8.8.8.8,22954,53,17,1261,3.216213685097505,11
10.0.0.5,8.8.8.8,19557,443,6,271,4.73951363732781,10
10.0.0.6,1.1.1.1,20928,53,17,326,1.2984732541732245,3
10.0.0.5,8.8.8.8,57399,443,6,1033,1.6735350651800416,4
10.0.0.6,1.1.1.1,11778,53,17,607,4.46542520315551,1
192.168.1.10,10.0.0.1,20082,80,17,263,0.41799639330470006,6
10.0.0.5,10.0.0.1,1183,80,6,196,1.6480837468952034,13
192.168.1.10,8.8.8.8,1345,173,6,1100,0.01,1
192.168.1.10,1.1.1.1,21875,80,6,1032,3.3983563151254113,4
192.168.1.10,8.8.8.8,26589,80,6,448,2.809822567178016,2
192.168.1.12,1.1.1.1,55593,53,17,462,0.01,1
10.0.0.6,10.0.0.1,48672,443,6,656,4.095151834250391,2
192.168.1.12,8.8.8.8,47350,53,6,1109,3.05376627698554,3
192.168.1.10,192.168.1.1,62946,53,6,252,3.6965434255179113,13
192.168.1.12,1.1.1.1,22140,53,17,222,4.499656738494291,9
192.168.1.10,192.168.1.1,19725,53,6,598,2.3206270175067925,17
10.0.0.6,1.1.1.1,37742,53,6,1322,4.693373086569406,17
192.168.1.12,8.8.8.8,59705,80,6,679,1.468340557594845,19
192.168.1.10,192.168.1.1,64493,443,6,681,1.7087001614059794,11
10.0.0.5,1.1.1.1,38820,80,17,531,2.975308006565364,10
192.168.1.10,8.8.8.8,63376,53,6,931,4.912877718088419,12
192.168.1.10,1.1.1.1,48171,80,17,1232,0.1587159068815816,6
10.0.0.5,1.1.1.1,60389,53,17,1460,0.9636439288477008,8
10.0.0.6,10.0.0.1,59186,443,17,724,2.4242253794344784,8
192.168.1.10,10.0.0.1,61364,53,6,1264,2.167505692702323,9
10.0.0.6,8.8.8.8,6086,443,6,731,2.0215250037117976,2
192.168.1.12,1.1.1.1,23015,80,6,406,2.668194500603532,6
192.168.1.10,8.8.8.8,27825,53,17,1161,1.3149131575273083,8
192.168.1.10,192.168.1.1,17381,443,17,1190,2.2926552160019917,2
10.0.0.5,1.1.1.1,1309,443,6,724,3.8807168772570453,17
10.0.0.6,8.8.8.8,48282,53,17,729,3.7155814355225076,7
192.168.1.10,192.168.1.1,44419,80,17,1427,1.9388861164339222,10
192.168.1.12,8.8.8.8,53986,53,6,218,1.6763564032684564,15
10.0.0.5,1.1.1.1,28264,53,6,651,1.3375037038476874,14
10.0.0.6,1.1.1.1,34692,443,6,1296,4.057361767728641,17
10.0.0.5,192.168.1.1,3453,80,6,828,0.9162067082586557,5
10.0.0.5,10.0.0.1,15481,443,6,886,1.8938710753838077,19
10.0.0.6,8.8.8.8,62637,80,6,773,3.0289563885340436,13
10.0.0.6,1.1.1.1,53811,80,6,986,4.530895756526362,17
10.0.0.6,10.0.0.1,25080,443,6,1198,4.740909436182908,11
172.16.50.100,1.1.1.1,41030,53,6,3441,2.5969680833082696,13
192.168.1.10,8.8.8.8,33781,53,6,892,2.3640499901860266,3
192.168.1.10,8.8.8.8,41010,443,17,372,1.4658958284769152,15
10.0.0.6,10.0.0.1,33336,80,17,742,0.48075703876488796,15
10.0.0.6,192.168.1.1,1838,53,6,1028,1.3981579822388204,8
10.0.0.6,1.1.1.1,37412,80,6,999,2.4144024513950137,15
10.0.0.6,10.0.0.1,15270,53,6,1447,4.2110417092577075,4
192.168.1.12,1.1.1.1,50345,53,6,1318,2.109099449319959,12
10.0.0.5,192.168.1.1,28158,443,6,1064,1.6357369040490561,13
10.0.0.6,1.1.1.1,56465,53,17,929,4.866842341633026,19
10.0.0.5,8.8.8.8,11151,53,6,1083,0.41537599990781293,12
192.168.1.10,192.168.1.1,55952,53,17,823,1.585256991918761,13
10.0.0.5,8.8.8.8,46977,80,6,164,0.4463932815850845,10
192.168.1.10,1.1.1.1,16648,443,6,362,0.26624901551236074,9
192.168.1.12,192.168.1.1,31408,80,17,1273,2.7569579183652793,5
192.168.1.10,8.8.8.8,59473,80,17,1057,3.018291165192304,8
10.0.0.6,10.0.0.1,25927,443,17,257,1.0865775291714375,1
10.0.0.5,1.1.1.1,51616,80,17,474,1.6728026765289534,1
10.0.0.6,1.1.1.1,36089,80,6,363,1.4782356279068043,17
192.168.1.12,1.1.1.1,6022,80,17,664,0.19617154721303867,10
10.0.0.6,1.1.1.1,41172,443,17,1450,3.397736822594572,5
192.168.1.12,8.8.8.8,48696,443,6,905,1.1913157074466911,2
192.168.1.12,1.1.1.1,3272,443,17,1164,2.1213841818559915,9
10.0.0.5,192.168.1.1,3812,53,17,620,0.29898477987741023,15
10.0.0.5,192.168.1.1,14319,80,17,1454,1.8422984598451257,18
10.0.0.6,1.1.1.1,5235,443,6,185,2.311337660274168,4
10.0.0.5,8.8.8.8,24019,53,6,539,2.2041450855470837,11
192.168.1.12,1.1.1.1,5305,53,17,1474,4.411200448588125,12
10.0.0.5,10.0.0.1,16302,80,6,1257,2.2344614083053616,9
10.0.0.5,1.1.1.1,64200,53,6,778,0.9559043457263541,2
192.168.1.12,192.168.1.1,4978,53,17,447,3.1070452763320033,4
10.0.0.6,1.1.1.1,35400,80,6,234,1.9491046572756052,2
192.168.1.12,1.1.1.1,50610,443,6,1292,4.100191925707007,3
10.0.0.5,192.168.1.1,44688,53,6,615,1.1440520020071256,9
10.0.0.6,8.8.8.8,44741,80,17,410,1.9008403946628878,16
10.0.0.6,1.1.1.1,62091,80,17,762,3.0182213102559032,16
10.0.0.5,8.8.8.8,49795,53,6,957,2.340219007039023,5
10.0.0.6,1.1.1.1,29425,80,6,1451,3.921328200971613,12
192.168.1.12,192.168.1.1,44588,80,6,929,1.209599009880783,19
192.168.1.10,192.168.1.1,31513,443,17,211,2.3105058184156317,15
192.168.1.10,192.168.1.1,24036,53,6,263,4.423061451520583,1
192.168.1.10,1.1.1.1,15619,80,17,71,4.065851224599201,11
192.168.1.12,10.0.0.1,48057,53,17,1200,3.7078316926002604,7
10.0.0.6,8.8.8.8,12885,899,17,500,0.01,1
192.168.1.10,1.1.1.1,31790,80,17,1142,0.41382456531521017,16
192.168.1.10,8.8.8.8,52786,443,6,1429,3.789232777516097,11
192.168.1.10,8.8.8.8,14783,443,6,1091,2.316618611709676,19
192.168.1.10,1.1.1.1,2968,80,17,354,2.3092060348174743,2
192.168.1.12,8.8.8.8,23624,443,17,302,2.15983272028713,11
10.0.0.6,10.0.0.1,60686,53,17,1318,3.1143383072939366,14
192.168.1.10,8.8.8.8,17210,53,17,757,3.6762327747651464,13
172.16.50.100,8.8.8.8,10042,443,17,4516,3.6022194621659147,7
10.0.0.6,8.8.8.8,37289,443,17,838,4.21468133580017,6
10.0.0.6,1.1.1.1,26398,443,6,875,1.3239787625853985,19
192.168.1.10,10.0.0.1,1688,53,17,253,0.6709649075839645,12
192.168.1.10,192.168.1.1,61566,443,17,419,1.3949114443901451,9
192.168.1.12,1.1.1.1,7784,80,17,999,4.4455330506540225,6
192.168.1.12,10.0.0.1,38506,443,6,81,3.6139912187533376,10
192.168.1.10,1.1.1.1,9756,80,17,1210,0.9285722285240257,8
192.168.1.10,1.1.1.1,42904,53,6,292,1.7824317786252135,3
192.168.1.12,192.168.1.1,19843,443,17,1013,4.305899235540944,16
10.0.0.6,8.8.8.8,23378,53,17,1239,1.2624942340723402,1
10.0.0.5,1.1.1.1,10670,53,17,714,4.809982476154572,2
192.168.1.12,10.0.0.1,7603,80,6,1351,4.021278299794613,8
192.168.1.12,192.168.1.1,64557,80,6,978,3.646161464597032,5
192.168.1.10,192.168.1.1,21234,443,17,210,0.36318624914716,8
10.0.0.5,8.8.8.8,5440,443,17,311,4.439013317049044,15
10.0.0.5,1.1.1.1,7111,53,6,774,3.24137059200097,8
192.168.1.12,8.8.8.8,33363,443,6,1213,2.8690961587674058,7
192.168.1.12,8.8.8.8,54351,80,17,807,2.6135657471641403,17
10.0.0.5,8.8.8.8,63841,53,6,629,1.9991268536345284,13
192.168.1.10,8.8.8.8,54470,53,17,112,1.8169639409277836,9
10.0.0.5,8.8.8.8,9059,443,6,334,3.9178908167891144,1
172.16.50.100,1.1.1.1,21105,80,6,2307,2.33494664326937,1
192.168.1.10,10.0.0.1,21191,53,17,1077,2.1165528917770366,2
10.0.0.5,10.0.0.1,62236,80,17,1334,1.9917653140369675,13
192.168.1.10,192.168.1.1,26758,443,6,560,1.5181868700477186,9
192.168.1.12,192.168.1.1,53794,53,17,41,3.2492723367749266,6
10.0.0.6,10.0.0.1,56223,53,6,1424,2.1970358754302155,5
10.0.0.5,192.168.1.1,28450,53,6,610,1.3945057463491812,3
10.0.0.6,192.168.1.1,55380,443,6,1271,0.6923936208706575,5
192.168.1.10,10.0.0.1,33143,53,6,935,2.651322195817848,5
192.168.1.12,192.168.1.1,17878,80,6,418,2.0861465872228626,12
192.168.1.12,8.8.8.8,45305,443,6,49,2.677014406018053,4
192.168.1.12,10.0.0.1,34006,443,17,1409,2.4761107610975452,10
10.0.0.6,192.168.1.1,2674,443,17,123,2.1002309806195547,16
192.168.1.12,10.0.0.1,42956,80,17,742,0.8039492882634731,18
192.168.1.10,192.168.1.1,3679,53,6,471,2.0934027815801586,10
10.0.0.5,192.168.1.1,36521,443,17,152,3.7035482238943187,19
192.168.1.12,8.8.8.8,9403,443,17,567,3.959764684330933,17
192.168.1.12,8.8.8.8,49824,443,17,1191,1.8070286197715437,8
10.0.0.6,10.0.0.1,55699,53,17,547,4.646411119044619,6
192.168.1.12,1.1.1.1,50517,80,6,1472,1.1864917382336273,18
192.168.1.12,1.1.1.1,4887,443,17,671,4.964967401982071,4
192.168.1.10,10.0.0.1,11969,53,6,1445,4.811197929503544,3
192.168.1.10,1.1.1.1,2183,443,17,1072,1.808628232586912,16
10.0.0.6,8.8.8.8,9155,443,17,118,3.594263203081549,4
10.0.0.5,1.1.1.1,49094,443,17,91,4.366373495183586,14
10.0.0.6,8.8.8.8,24100,53,17,205,2.3541153376738837,1
192.168.1.12,10.0.0.1,19284,443,6,50,1.0062774881344445,10
172.16.50.100,192.168.1.1,41222,443,6,3343,1.2769609830784479,3
192.168.1.10,10.0.0.1,32525,443,6,498,2.5282331195444585,17
